timestamp,price,volume,market_cap,price_change,volume_change,market_cap_change,MA7,MA30,price_lag1,price_lag7,volatility
2023-07-12 00:00:00,30620.81424697801,11753418050.421658,594749192359.1351,0.007453148818078015,-0.0842838476495209,0.007516869896418976,30319.896817726494,29190.030737618923,30394.28114637557,30775.624022375305,207.2448587491075
2023-07-13 00:00:00,30407.41631435991,13072555444.262321,590629381260.7114,-0.006969048272096767,0.11223436350018523,-0.006926972161293787,30308.84289486026,29339.932523333602,30620.81424697801,30484.79377442352,198.8784890142393
2023-07-14 00:00:00,31446.0149710716,21254274345.702217,610725509598.8464,0.03415609685395116,0.6258698948590755,0.0340249384398037,30516.837154839024,29525.726140409486,30407.41631435991,29990.055151220247,433.2088296434807
2023-07-15 00:00:00,30311.827808130518,21977151420.853252,588107447250.1327,-0.036067754975772415,0.03401090356666092,-0.03703474309362054,30516.346069950298,29699.195244151153,31446.0149710716,30315.26540235163,433.47727990689424
2023-07-16 00:00:00,30297.971400125534,6233916918.782722,588642134563.5204,-0.00045712875161119104,-0.7163455445427925,0.0009091660306084215,30521.170934931484,29856.974303059098,30311.827808130518,30264.19734525722,430.3798467584578
2023-07-17 00:00:00,30237.334785146097,8356410453.563714,586391434733.7153,-0.0020013424060194573,0.3404751077746868,-0.0038235452368253764,30530.808667455316,29987.30794024884,30297.971400125534,30169.87065747925,421.8731540689631
2023-07-18 00:00:00,30147.860079211525,10974383371.546566,585500720965.1113,-0.002959080440466777,0.3132891727292284,-0.0015189747254894526,30495.60565786046,30108.86846148143,30237.334785146097,30394.28114637557,444.82147032612045
2023-07-19 00:00:00,29848.03227250528,13152758553.030825,579708613537.5165,-0.009945243407607274,0.19849636264140003,-0.00989257095712437,30385.20823293578,30226.03311957613,30147.860079211525,30620.81424697801,500.9254437871473
2023-07-20 00:00:00,29919.87483825516,8545620844.326587,581327322356.8716,0.002406944789324017,-0.35027919733557367,0.002792280089608079,30315.559450635104,30330.716032133878,29848.03227250528,30407.41631435991,530.3525715020114
2023-07-21 00:00:00,29787.041530355687,11117456853.464512,579308712612.258,-0.004439634477669485,0.3009536762733114,-0.0034724150525550224,30078.563244818542,30379.254369152146,29919.87483825516,31446.0149710716,222.06387893418292
2023-07-22 00:00:00,29914.68272835899,8492627980.9282,581397880391.4172,0.004285125055914829,-0.23609975798721827,0.0036063116843843,30021.828233422613,30373.018299447824,29787.041530355687,30311.827808130518,202.39673684582004
2023-07-23 00:00:00,29710.155935991766,6745541064.873876,577068525402.119,-0.006837003561910748,-0.20571805570404567,-0.007446458157679414,29937.854595689216,30365.502427089228,29914.68272835899,30297.971400125534,190.31123812711627
2023-07-24 00:00:00,30057.956718714588,7427606999.412798,584296796267.4817,0.011706461032117366,0.10111359903961614,0.01252584493379838,29912.22915762757,30346.459505935192,29710.155935991766,30237.334785146097,151.3548252132317
2023-07-25 00:00:00,29184.901913057693,15195244950.838041,567051778655.836,-0.029045713713245047,1.0457793407808635,-0.029514140282486,29774.663705319883,30301.36234754929,30057.956718714588,30147.860079211525,282.38948059336093
2023-07-26 00:00:00,29222.974630383527,7929844775.363448,568019115128.7598,0.0013045347021982678,-0.4781364301122303,0.0017059050149119681,29685.369756445343,30260.302936081553,29184.901913057693,29848.03227250528,346.80132067048527
2023-07-27 00:00:00,29363.672907978616,13088677750.42505,570531781624.6747,0.004814645989145827,0.6505591371837613,0.004423559751761674,29605.912337834412,30229.57519754515,29222.974630383527,29919.87483825516,347.83348397026464
2023-07-28 00:00:00,29200.244001291314,9047649539.81237,567708714251.7643,-0.005565683393881415,-0.30874227998175363,-0.004948133414884093,29522.08411939664,30179.798452385923,29363.672907978616,29787.041530355687,367.0825563072584
2023-07-29 00:00:00,29314.09738709836,7682754827.0541115,569952119667.3986,0.0038990559737108743,-0.15085627562742265,0.003951683952202689,29436.286213502262,30154.15245711374,29200.244001291314,29914.68272835899,328.1497288668571
2023-07-30 00:00:00,29356.74774591667,4882536540.911603,570804910032.5747,0.0014549436148452166,-0.3644810161430374,0.0014962491334777894,29385.799329205824,30117.157033414514,29314.09738709836,29710.155935991766,305.3884771510982
2023-07-31 00:00:00,29277.755810272716,7872881636.625643,569135711632.8535,-0.00269075908297578,0.6124572894964391,-0.002924288790063012,29274.34205657127,30077.056177692124,29356.74774591667,30057.956718714588,73.58839606246399
2023-08-01 00:00:00,29233.136365580438,6641808341.386258,568333703606.0996,-0.0015240049470124362,-0.15636883063404328,-0.0014091683413309797,29281.232692645946,30032.04006988822,29277.755810272716,29184.901913057693,65.6474369263363
2023-08-02 00:00:00,29537.109746927432,15289922840.873833,572408929757.971,0.010398247302157326,1.3020722753470126,0.007170481226106862,29326.109137866508,29997.54749235675,29233.136365580438,29222.974630383527,110.93490102288874
2023-08-03 00:00:00,29146.63627084363,19266318894.086517,567074709353.651,-0.013219759124347585,0.2600664564887647,-0.009318897953907501,29295.103903990082,29931.27826360126,29537.109746927432,29363.672907978616,127.74291569920051
2023-08-04 00:00:00,29176.15059658541,12539132810.40034,567940644790.4882,0.0010126151596883126,-0.3491682101115319,0.0015270217884062465,29291.661989032094,29877.962482741594,29146.63627084363,29200.244001291314,131.0076815944032
2023-08-05 00:00:00,29087.938086007627,12112869085.655884,565073127339.627,-0.0030234458204402292,-0.03399467341081985,-0.005048973827043168,29259.353517447707,29831.40062646107,29176.15059658541,29314.09738709836,150.92564176040275
2023-08-06 00:00:00,29046.800457023197,5335308729.48437,564970113457.8998,-0.0014142504313229276,-0.5595338567802679,-0.00018230185925172115,29215.075333320063,29799.95880332117,29087.938086007627,29356.74774591667,162.60410033473235
2023-08-07 00:00:00,29044.204375577556,5360283576.269965,564947914083.0184,-8.937581436829767e-05,0.004681049973280338,-3.929300745741937e-05,29181.71084264933,29757.590102428694,29046.800457023197,29277.755810272716,171.32633482081857
2023-08-08 00:00:00,29178.147751873083,13252185122.112452,567529179865.8152,0.004611707539427634,1.4722917982884378,0.004569033212533435,29173.855326405424,29721.388449315895,29044.204375577556,29233.136365580438,169.8295347683203
2023-08-09 00:00:00,29779.56167125089,14603570418.91888,579214283623.8071,0.0206117922389093,0.10197452603884338,0.02058943253059642,29208.491315594485,29708.378149774948,29178.147751873083,29537.109746927432,258.0637082857923
2023-08-10 00:00:00,29585.48807737921,14633310097.491423,575535414817.4033,-0.006517006395666214,0.00203646626951004,-0.00635148149901843,29271.184430813853,29681.418380808398,29779.56167125089,29146.63627084363,291.65298734654
2023-08-11 00:00:00,29423.81891597763,8106253519.025447,572414205818.4142,-0.005464475048670536,-0.44604102113471267,-0.0054231397732134035,29306.565619298457,29641.51853644172,29585.48807737921,29176.15059658541,293.22114722848653
2023-08-12 00:00:00,29396.8479714205,4651950357.636653,571976559045.8302,-0.0009166364377836134,-0.42612819267020385,-0.0007645630875954268,29350.695602928867,29607.832925010407,29423.81891597763,29087.938086007627,277.6666357634801
2023-08-13 00:00:00,29412.142274584105,3994297895.288944,572257798803.9086,0.0005202701724509318,-0.14137134143491137,0.0004916980488631761,29402.887291151856,29540.037168460825,29396.8479714205,29046.800457023197,243.22424194310128
2023-08-14 00:00:00,29284.96971374381,4755220448.634491,569687130446.7833,-0.004323811562348845,0.19050220421541764,-0.004492150849666476,29437.28233946132,29505.8085653146,29412.142274584105,29044.204375577556,196.60373721109275
2023-08-15 00:00:00,29400.58680419105,12408355477.111338,572242735188.2397,0.003948001025009917,1.6094175046447154,0.004485979417249819,29469.05934693531,29475.895745450118,29284.96971374381,29178.147751873083,162.81152565079836
2023-08-16 00:00:00,29170.490397060614,11523395157.99864,567498309102.7323,-0.0078262521990764,-0.07131971039555651,-0.008290932839796983,29382.04916490813,29440.33426584727,29400.58680419105,29779.56167125089,128.31074214416466
2023-08-17 00:00:00,28754.197021112574,14809979642.373245,559982624303.4923,-0.01427104482240682,0.28520973543923955,-0.013243536903436715,29263.293299727182,29393.878830577305,29170.490397060614,29585.48807737921,242.51189457242364
2023-08-18 00:00:00,26501.58726991974,29965585683.421356,516026928368.83746,-0.07834020715441548,1.023337398633958,-0.07849474970643422,28845.831636004623,29282.330663824454,28754.197021112574,29423.81891597763,1059.4184057704151
2023-08-19 00:00:00,26042.838256848998,18062351745.50358,506815826635.9217,-0.017310246680637076,-0.39723014472910223,-0.017850040814792578,28366.68739106584,29153.096111110914,26501.58726991974,29396.8479714205,1453.7481774365274
2023-08-20 00:00:00,26104.778630797897,3355038748.9824667,508087686822.70435,0.0023784033574991703,-0.8142523855002621,0.002509511581800572,27894.20687052495,29030.35401445899,26042.838256848998,29412.142274584105,1588.5471879818717
2023-08-21 00:00:00,26160.700419818215,8304370131.833873,509078930366.0949,0.0021422050656405567,1.4751935083767558,0.0019509300640392357,27447.88268567844,28905.22127084096,26104.778630797897,29284.96971374381,1571.4791012175965
2023-08-22 00:00:00,26119.005958595222,9377753161.447634,508491920831.3545,-0.0015937822976408444,0.12925520088502163,-0.001153081574832182,26979.085422021893,28785.51627159441,26160.700419818215,29400.58680419105,1368.1948724399726
2023-08-23 00:00:00,26033.675406585844,13702941053.015312,506356213378.17975,-0.003266990793778568,0.4612179289756444,-0.004200081389067134,26530.96899481121,28651.373561190117,26119.005958595222,29170.490397060614,993.1120497486718
2023-08-24 00:00:00,26450.00862461353,14600566342.214415,514955818082.43463,0.01599210297914233,0.06550603156842616,0.016983310319986344,26201.79922388278,28560.210451575313,26033.675406585844,28754.197021112574,192.77440100420185
2023-08-25 00:00:00,26134.934254516003,11961319630.81013,508906955118.32086,-0.011912070599641611,-0.18076331078839514,-0.011746372701716856,26149.42022168224,28457.275772379726,26450.00862461353,26501.58726991974,140.45458968189945
2023-08-26 00:00:00,26044.036209289134,2582213805.5461373,507007928705.4434,-0.003478028463422045,-0.7841196552515128,-0.0037315788156911944,26149.59135774512,28346.621215756746,26134.934254516003,26042.838256848998,140.30373029238874
2023-08-27 00:00:00,26002.015717319366,3420999388.355067,506086069151.6848,-0.0016134400840212004,0.32483196434290873,-0.0018182349852248203,26134.9109415339,28240.013606291017,26044.036209289134,26104.778630797897,150.7606310311357
2023-08-28 00:00:00,26082.717178218525,4743752357.401259,507835678906.77924,0.0031036617228643593,0.38665688557232314,0.003457138739319854,26123.77047844823,28132.30093266169,26002.015717319366,26160.700419818215,151.4171553071945
2023-08-29 00:00:00,26109.2698239287,9995933796.2508,508350651765.9018,0.0010180168549442925,1.1071786727346806,0.001014054113391838,26122.379602067296,28024.05166859542,26082.717178218525,26119.005958595222,151.51290159601047
2023-08-30 00:00:00,27730.50373550554,29462388818.839893,539045091002.16876,0.062094188099086844,1.947437369972421,0.060380446311303126,26364.78364905583,27972.47659943651,26109.2698239287,26033.675406585844,619.7598589206193
2023-08-31 00:00:00,27297.261438480404,16029914124.395369,531729400483.3156,-0.015623311468028644,-0.45591940209054105,-0.013571574328322233,26485.81976532252,27907.94743519985,27730.50373550554,26450.00862461353,714.6464204533484
2023-09-01 00:00:00,25927.417005779287,20360682650.055054,505403246528.0237,-0.0501824857335349,0.27016791805945095,-0.049510435065961644,26456.174444074422,27787.624343828244,27297.261438480404,26134.934254516003,735.6242385743927
2023-09-02 00:00:00,25812.33049442542,15924588668.893366,502687549096.97003,-0.004438795863398792,-0.21787550336136163,-0.005373328030062519,26423.07362766532,27676.48081794764,25927.417005779287,26044.036209289134,762.0001728858048
2023-09-03 00:00:00,25853.65684277757,8203515572.755595,503679892454.50775,0.0016010312730605492,-0.48485227823936783,0.001974075863466984,26401.879502730775,27565.731026154044,25812.33049442542,26002.015717319366,777.5674628172987
2023-09-04 00:00:00,25959.596311463454,8301138495.084562,505513039060.68445,0.00409765896291292,0.011900132505773486,0.0036395072220245517,26384.29080748005,27461.45296700257,25853.65684277757,26082.717178218525,787.3215408245403
2023-09-05 00:00:00,25829.364772941324,6700578092.438599,502409490053.88367,-0.005016701221375319,-0.19281215505484217,-0.006139404460402509,26344.304371624716,27354.205110866507,25959.596311463454,26109.2698239287,810.3872745922572
2023-09-06 00:00:00,25784.41351983038,7633735596.705433,501979376928.41833,-0.0017403158577881106,0.13926522329765456,-0.0008561007185975411,26066.29148367112,27245.545415674933,25829.364772941324,27730.50373550554,546.3906016376425
2023-09-07 00:00:00,25752.958418589413,12225427270.62692,501615002105.18665,-0.001219926961564477,0.6014999623386446,-0.0007258760817252519,25845.676766543835,27131.37243789881,25784.41351983038,27297.261438480404,74.66675240238303
2023-09-08 00:00:00,26192.333433090567,4521997781.160889,509837705629.17126,0.017061147203344174,-0.63011535866517,0.01639245933529776,25883.521970445443,27011.798163293468,25752.958418589413,25927.417005779287,151.05975916198287
2023-09-09 00:00:00,25907.228137249735,8058794338.820984,504533063388.2184,-0.010885066676825317,0.7821314226191698,-0.010404570282628756,25897.078776563205,26889.189498622487,26192.333433090567,25812.33049442542,147.8296047088787
2023-09-10 00:00:00,25889.3250094629,404806432.52168876,504373920218.6837,-0.0006910475984535092,-0.9497683629210331,-0.0003154266411520279,25902.174228946827,26771.373035071996,25907.228137249735,25853.65684277757,146.69382132859027
2023-09-11 00:00:00,25834.580098562914,6603006234.083502,503489661583.33154,-0.002114574670447178,15.311515093648431,-0.0017531807254601572,25884.314769961034,26652.63077264341,25889.3250094629,25959.596311463454,146.14685095869544
2023-09-12 00:00:00,25133.303106566527,14859931201.000029,489502952545.6269,-0.02714489607808246,1.2504796564170726,-0.02777953571821201,25784.877389050347,26510.002800376154,25834.580098562914,25829.364772941324,321.4389209985654
2023-09-13 00:00:00,25866.806663158084,16825266473.048721,503997883573.3815,0.029184526740534844,0.1322573601092063,0.02961152931228428,25796.64783809716,26396.0640320233,25133.303106566527,25784.41351983038,322.9242083632406
2023-09-14 00:00:00,26223.436075660946,12975855576.243193,510909474484.6564,0.013787144936247886,-0.2287875144783974,0.013713531616980745,25863.858931964525,26290.159007738963,25866.806663158084,25752.958418589413,359.234923705018
2023-09-15 00:00:00,26531.39556626326,11739428177.432598,516823786025.9003,0.011743674235282553,-0.09528677254040219,0.011576045927137235,25912.296379560627,26202.18918004572,26223.436075660946,26192.333433090567,427.3142361287169
2023-09-16 00:00:00,26634.631025000588,9768889419.723415,518872387637.1001,0.003891067790968261,-0.16785645160275064,0.00396382996795186,26016.21107781075,26131.536980175315,26531.39556626326,25907.228137249735,506.90869324522305
2023-09-17 00:00:00,26557.768691994646,1224363671.9175522,517396850180.9239,-0.0028858043099525554,-0.8746670558635296,-0.0028437386365762762,26111.703032458136,26133.40969424448,26634.631025000588,25889.3250094629,540.8468854565976
2023-09-18 00:00:00,26520.988254783886,5791146184.464804,516614128895.5437,-0.0013849219652947165,3.729923238734231,-0.0015128064368897798,26209.761340489706,26149.34802750898,26557.768691994646,25834.580098562914,544.4418198721303
2023-09-19 00:00:00,26741.461110948952,16477839825.058361,521346975856.46625,0.00831314632950364,1.8453503503782098,0.009161280530675331,26439.498198258625,26170.570776847344,26520.988254783886,25133.303106566527,298.04656268127206
2023-09-20 00:00:00,27219.296874634216,12615959842.229395,530357673731.022,0.017868723092681726,-0.23436809823555182,0.017283495046179098,26632.711085612358,26205.85732534121,26741.461110948952,25866.806663158084,303.2552180317988
2023-09-21 00:00:00,27115.846446970816,13497179076.831764,529168513966.1614,-0.0038006282138686176,0.06984955925847713,-0.002242184517657564,26760.198281513767,26239.085341620397,27219.296874634216,26223.436075660946,289.8060303529754
2023-09-22 00:00:00,26561.133454198716,8169328790.751264,517743774814.63885,-0.0204571520146688,-0.39473806013479407,-0.02158998286933811,26764.446551218833,26256.667276540826,27115.846446970816,26531.39556626326,286.0871078806992
2023-09-23 00:00:00,26572.0381115526,9968041758.936823,518383856096.9625,0.00041054939815299285,0.2201787948872782,0.001236289673502755,26755.504706440548,26260.734926105462,26561.133454198716,26634.631025000588,291.74310630657544
2023-09-24 00:00:00,26573.9234797301,6583511185.708387,517968304453.25476,7.095308871618577e-05,-0.3395381615645865,-0.0008016292151468152,26757.812533259897,26275.36790027927,26572.0381115526,26557.768691994646,289.9767716262756
2023-09-25 00:00:00,26249.562897845204,7226298594.4955225,511787693512.02826,-0.01220597260063272,0.09763595605070297,-0.011932411477861504,26719.037482268654,26282.2187898978,26573.9234797301,26520.988254783886,340.64316360493075
2023-09-26 00:00:00,26298.634678281232,11974957450.276283,512103393581.80255,0.0018694322883394676,0.6571357097529777,0.0006168574855871523,26655.776563316125,26292.10608859653,26249.562897845204,26741.461110948952,375.1552302880583
2023-09-27 00:00:00,26204.75759083597,9786025048.05344,511054250889.6227,-0.003569656318424541,-0.18279249937312647,-0.0020486931063702363,26510.842379916376,26296.174102350444,26298.634678281232,27219.296874634216,311.7879168386911
2023-09-28 00:00:00,26350.146895428057,12889674588.31686,513713645983.85016,0.005548202615044628,0.3171511952016486,0.005203743222168988,26401.456729695983,26304.20333806709,26204.75759083597,27115.846446970816,162.94518750345122
2023-09-29 00:00:00,27009.01375072488,16683207554.844349,526917684460.40546,0.025004295342700322,0.2943078927660383,0.025703110243971317,26465.43962919972,26280.153671907734,26350.146895428057,26561.133454198716,281.1520947323904
2023-09-30 00:00:00,26917.199101637976,9059145545.41355,524946724658.764,-0.00339940769160596,-0.4569901791587422,-0.0037405459330138724,26514.74834206906,26267.484927346322,27009.01375072488,26572.0381115526,329.1359755932725
2023-10-01 00:00:00,26969.876144072576,6295435107.555985,525936342995.4552,0.0019570031129796384,-0.305074073929276,0.0018851786099522982,26571.3130084037,26302.23356528943,26917.199101637976,26573.9234797301,372.20640140360456
2023-10-02 00:00:00,27967.510579087113,9358226524.285364,545302108027.2094,0.03699069397594523,0.4865098860368391,0.03682149995844952,26816.734105723972,26374.07290144482,26969.876144072576,26249.562897845204,613.1135769093725
2023-10-03 00:00:00,27615.06488509527,18127133423.881855,538323470357.8827,-0.012601968737803393,0.937026569814319,-0.012797745628701063,27004.795563840267,26432.78650285541,27967.510579087113,26298.634678281232,629.3892252966336
2023-10-04 00:00:00,27439.121946705116,12676657038.293432,535605771922.47974,-0.006371266521452812,-0.3006805465671485,-0.0050484487209822015,27181.133328964428,26482.104024030134,27615.06488509527,26204.75759083597,533.4945139139617
2023-10-05 00:00:00,27792.1112772493,10876597601.123325,541954661181.1118,0.012864454308333606,-0.14199795985112773,0.011853661016093309,27387.128240653175,26547.528907507065,27439.121946705116,26350.146895428057,426.8912143499629
2023-10-06 00:00:00,27435.874615135104,13376186563.311193,534851643044.50543,-0.01281790572009589,0.2298134999431911,-0.013106295868230755,27448.10836414035,26602.577610683886,27792.1112772493,27009.01375072488,393.0208363100163
2023-10-07 00:00:00,27958.196437350485,13817979024.520027,545154869332.6545,0.019037914028344538,0.03302828194850416,0.019263708772587096,27596.822269242137,26676.08554464259,27435.874615135104,26917.199101637976,353.6256695690662
2023-10-08 00:00:00,27977.543490700005,7226218924.820883,545619681437.3984,0.0006919993352529907,-0.47704227137717137,0.0008526239622750342,27740.77474733177,26735.592546562904,27958.196437350485,26969.876144072576,243.97324922870334
2023-10-09 00:00:00,27948.10365174851,7141598446.869208,544989660641.62256,-0.0010522667567751665,-0.011710201259059083,-0.0011546885444382315,27738.002329140545,26803.62173037953,27977.543490700005,27967.510579087113,241.06016231144974
2023-10-10 00:00:00,27593.782534439666,7640029989.224315,538282690587.88,-0.012677823215625494,0.06979271462309855,-0.012306600543295354,27734.9619933326,26860.436981212093,27948.10365174851,27615.06488509527,242.99555539972948
2023-10-11 00:00:00,27392.247702732497,10151720983.669058,535200388379.76337,-0.0073036319488143375,0.32875407530955947,-0.005726177456589432,27728.265672765083,26912.359234684413,27593.782534439666,27439.121946705116,252.94891002371577
2023-10-12 00:00:00,26842.190439092396,14608441295.942532,523656381533.04626,-0.020080764076371493,0.43901130847104075,-0.021569503866887718,27592.56269588552,26969.322145768605,27392.247702732497,27792.1112772493,415.54078810457423
2023-10-13 00:00:00,26729.137205815106,10867640258.925844,521607675083.3507,-0.004211773757205828,-0.25607119618269525,-0.003912310671547292,27491.60020883981,26998.066497190506,26842.190439092396,27435.874615135104,530.0382588694747
2023-10-14 00:00:00,26841.136220644406,14344414895.617512,523655619453.7407,0.004190147028200197,0.31991992317155615,0.0039262159439328315,27332.020177881797,27018.656502023285,26729.137205815106,27958.196437350485,534.28678171731
2023-10-15 00:00:00,26863.183569079916,5543160607.188677,523979202939.078,0.0008214014583538543,-0.6135666287174797,0.0006179318493226837,27172.82590336464,27029.716102117174,26841.136220644406,27977.543490700005,472.31378866786713
2023-10-16 00:00:00,27150.29700140705,6604845643.42894,529643463244.3381,0.010687989812853127,0.191530628728926,0.010810086113128836,27058.85352474443,27046.90496799739,26863.183569079916,27948.10365174851,328.3813668233336
2023-10-17 00:00:00,28513.30993247735,22792799561.834,555338775502.1107,0.05020250537221238,2.450920853011941,0.04851435737614063,27190.21458160696,27112.089676013486,27150.29700140705,27593.782534439666,626.5660697034967
2023-10-18 00:00:00,28417.72175169982,10403248077.491972,555003134086.2079,-0.003352405631050659,-0.5435730459845765,-0.0006043903842287701,27336.710874316577,27175.31412591068,28513.30993247735,27392.247702732497,782.2231738636755
2023-10-19 00:00:00,28328.245198134824,13461030457.558897,553311088369.7102,-0.0031486181174831263,0.2939257390855279,-0.0030487138046230156,27549.00441132264,27228.206928816875,28417.72175169982,26842.190439092396,826.0698715251823
2023-10-20 00:00:00,28715.748142407952,11193923144.463654,559364043794.7655,0.013679031001138098,-0.1684200418566153,0.01093951585696562,27832.80597369304,27278.08863774267,28328.245198134824,26729.137205815106,838.615327745961
2023-10-21 00:00:00,29677.392888476206,23561406297.715862,579536788709.3126,0.03348840995885727,1.1048390268222432,0.0360637140308373,28237.98549766902,27363.47351912618,28715.748142407952,26841.136220644406,956.5173694288751
2023-10-22 00:00:00,29920.07449265145,7452489477.484937,583719549318.5221,0.008177322215843219,-0.6836992926773047,0.0072174203444874685,28674.68420103638,27475.438220407937,29677.392888476206,26863.183569079916,921.4079452703932
2023-10-23 00:00:00,30019.38050086351,11330304246.065748,583399133857.2509,0.0033190428130935867,0.5203381742834068,-0.000548920216301374,29084.553272387304,27590.34963338497,29920.07449265145,27150.29700140705,753.0447999587045
2023-10-24 00:00:00,32953.262760830985,35558857925.14893,641535355789.0791,0.0977329382224621,2.1383850912473186,0.09965085403444096,29718.832247866394,27802.994276088328,30019.38050086351,28513.30993247735,1593.0518010989815
2023-10-25 00:00:00,33846.72425733224,46464714676.18555,660676033939.1393,0.02711299038841286,0.30669873520666324,0.02983573388019667,30494.40403438531,28056.23298807123,32953.262760830985,28417.72175169982,2096.143561884401
2023-10-26 00:00:00,34471.986031672015,23840463172.498646,673948847498.8158,0.018473332000638942,-0.48691252408104113,0.02008974577228151,31372.081296319193,28328.678033184256,33846.72425733224,28328.245198134824,2312.992282759847
2023-10-27 00:00:00,34174.451552912586,17712548549.578587,667401630872.5822,-0.008631196313611311,-0.2570384047734846,-0.009714708542839623,32151.89606924843,28594.334498586813,34471.986031672015,28715.748142407952,2184.795774992878
2023-10-28 00:00:00,33899.09305644032,14148818689.499771,662119938018.2968,-0.008057437177767968,-0.20119802918838592,-0.007913814725594714,32754.9960932433,28845.96603728722,34174.451552912586,29677.392888476206,1958.8865595180487
2023-10-29 00:00:00,34092.630932838576,8431785274.868206,665892923223.9833,0.005709234641647409,-0.40406436325842054,0.005698341024103604,33351.0755846986,29082.086610024344,33899.09305644032,29920.07449265145,1543.1963841339382
2023-10-30 00:00:00,34556.242814761616,10359013389.425524,674293769229.6088,0.013598595040562822,0.2285670296066027,0.012615911226315557,33999.19877239833,29336.721400461796,34092.630932838576,30019.38050086351,532.3721655247231
2023-10-31 00:00:00,34498.70391946407,17075173423.648043,673508057017.6387,-0.0016650796096666642,0.6483397387127978,-0.0011652372420225543,34219.97608077449,29587.682326308182,34556.242814761616,32953.262760830985,292.92935671362653
2023-11-01 00:00:00,34672.2892841885,16419150928.652367,676319525450.0793,0.005031648873814465,-0.03841966805954233,0.004174364958438925,34337.913941753955,29811.174949811557,34498.70391946407,33846.72425733224,283.6519537099327
2023-11-02 00:00:00,35457.45491210553,18642295524.912045,692543794894.7606,0.022645335630465224,0.13539948599779073,0.023989059659166756,34478.69521038731,30072.587950711903,34672.2892841885,34471.986031672015,513.0645971147994
2023-11-03 00:00:00,34924.05545044328,20690186421.955303,681560028736.5514,-0.015043365717716584,0.1098518631628076,-0.015860031147746145,34585.78148146313,30322.08573416984,35457.45491210553,34174.451552912586,517.1912829592334
2023-11-04 00:00:00,34731.38136896784,17254049537.002068,677974451476.0634,-0.00551694466723196,-0.1660756851038806,-0.00526083853117798,34704.6798118242,30553.394737227125,34924.05545044328,33899.09305644032,419.44836441383734
2023-11-05 00:00:00,35048.407834901074,10001404422.938835,685385094861.7168,0.00912795441578651,-0.4203445167182125,0.010930564373803797,34841.2193692617,30807.145844552662,34731.38136896784,34092.630932838576,333.8326304255035
2023-11-06 00:00:00,35061.92874919579,12796779677.519655,684647430279.3319,0.0003857782743914573,0.27949827207961464,-0.0010762775378617695,34913.46021703801,31043.93692161417,35048.407834901074,34556.242814761616,316.13160866558616
2023-11-07 00:00:00,35031.26888208706,12717348149.539808,683644463783.0627,-0.0008744489593839333,-0.0062071497659200725,-0.001464938670492022,34989.540925984154,31279.06110132707,35061.92874919579,34498.70391946407,258.5128427667657
2023-11-08 00:00:00,35436.53762957962,18582602380.374496,691660755958.351,0.011568771569670178,0.4612010430057252,0.011725820364182793,35098.71926104003,31528.675567254773,35031.26888208706,34672.2892841885,263.5309678628315
2023-11-09 00:00:00,35795.080630710196,14717120833.223528,699187515031.6934,0.010117890322086431,-0.2080161576956191,0.010882154305420277,35146.95150655498,31802.05217046379,35436.53762957962,35457.45491210553,355.1138008695133
2023-11-10 00:00:00,36768.42081912672,38190964507.15763,717022051490.4104,0.027192009942881734,1.5950024423895806,0.025507515616763676,35410.43227350975,32114.591274343602,35795.080630710196,34924.05545044328,689.2218011767781
2023-11-11 00:00:00,37344.249000720345,23152060053.421646,730760729870.4996,0.015660944059204374,-0.39378173994315957,0.019160747359906027,35783.69907804583,32464.65989306453,36768.42081912672,34731.38136896784,926.7686154235505
2023-11-12 00:00:00,37122.722824306555,12033297219.971031,720323851790.6948,-0.005932002445932616,-0.4802493949909814,-0.014282209830369985,36080.02979081804,32811.112747014246,37344.249000720345,35048.407834901074,982.4330800521625
2023-11-13 00:00:00,37067.69698212008,8831221164.408867,725016899532.0363,-0.001482268486794558,-0.266101301831708,0.006515191367986395,36366.568109807224,33151.998105730105,37122.722824306555,35061.92874919579,926.9372356280645
2023-11-14 00:00:00,36549.16204829837,18041088204.36723,714263437353.6985,-0.013988862973381533,1.0428758230034476,-0.014832015895462014,36583.409990694556,33474.86405503738,37067.69698212008,35031.26888208706,716.0597673424502
2023-11-15 00:00:00,35545.201433454065,22330924588.059715,694845286838.959,-0.027468772430886634,0.23778146501462372,-0.027186258597643675,36598.93339124804,33754.69420277229,36549.16204829837,35436.53762957962,687.6679802448235
2023-11-16 00:00:00,37903.66245166294,28479730068.295124,739215831747.2646,0.06635103820199939,0.2753493459703482,0.06385672573265833,36900.15936566987,34067.7059534118,35545.201433454065,35795.080630710196,736.9195515936779
2023-11-17 00:00:00,36201.51611146142,12023334732.149555,707488742969.5619,-0.04490717334696093,-0.5778283465707965,-0.042919925974407636,36819.17297886054,34327.16576540386,37903.66245166294,36768.42081912672,783.4898788106981
2023-11-18 00:00:00,36527.76022530742,22683923623.963726,714651953916.8749,0.00901189090648935,0.8866582465934765,0.010124840880501695,36702.53172523012,34600.48293297628,36201.51611146142,37344.249000720345,752.453612197541
2023-11-19 00:00:00,36582.36844192274,8877846889.346693,715117663450.342,0.0014949785116440406,-0.6086282498338176,0.0006516592180496605,36625.338242032434,34862.70360962677,36527.76022530742,37122.722824306555,729.530151196596
2023-11-20 00:00:00,37413.99460790531,12599067947.734495,732521837352.2426,0.02273297769943028,0.41915805766522296,0.024337496878384712,36674.80933143032,35120.59033360774,36582.36844192274,37067.69698212008,774.860346205039
2023-11-21 00:00:00,37489.298470802016,16005284775.311718,732673492672.5168,0.0020127191358709773,0.2703546676394988,0.00020703180784686914,36809.11453464513,35372.897799546095,37413.99460790531,36549.16204829837,829.0347240262781
2023-11-22 00:00:00,35965.36036068078,18891503534.641026,702705880301.6978,-0.04064995004662819,0.18032911003128937,-0.04090172862881736,36869.13723853466,35571.09712820667,37489.298470802016,35545.201433454065,731.7806075699121
2023-11-23 00:00:00,37464.83293220907,25245202377.321384,732259726682.3702,0.041692132554511874,0.33632573664820753,0.04205720659116152,36806.44730718411,35721.48280058594,35965.36036068078,37903.66245166294,641.6278641220982
2023-11-24 00:00:00,37293.316127426726,11956046626.60703,728816537112.472,-0.004578074726576231,-0.5264032172169255,-0.004702142483648752,36962.41873803629,35836.36919625576,37464.83293220907,36201.51611146142,601.5158327063833
2023-11-25 00:00:00,37738.93169747125,22996708651.54232,737614054534.8141,0.011948939282361293,0.9234375182483279,0.012070962957560383,37135.443234059705,35945.26738511573,37293.316127426726,36527.76022530742,629.2071468512856
2023-11-26 00:00:00,37809.85286625321,7505379785.011788,739536714717.2401,0.0018792574562123132,-0.6736324358960635,0.002606593747239039,37310.7981518212,36066.44742889375,37738.93169747125,36582.36844192274,620.3629311282881
2023-11-27 00:00:00,37491.838186008135,10229112671.374176,733376783676.3198,-0.008410894413422021,0.36290407206330455,-0.008329445879202257,37321.91866297874,36186.205599879344,37809.85286625321,37413.99460790531,623.212286325152
2023-11-28 00:00:00,37250.16905148115,17979133247.880783,728040168286.0479,-0.006445913196573505,0.7576434853625942,-0.007276771652792502,37287.75731736147,36291.45687050076,37491.838186008135,37489.298470802016,619.0482408372496
2023-11-29 00:00:00,37802.23604377473,19715537240.688644,738816928726.5587,0.014820523137240027,0.09657884887262469,0.014802425621489368,37550.168129232035,36399.656644801194,37250.16905148115,35965.36036068078,235.67737711032962
2023-11-30 00:00:00,37810.34641654128,20964545194.804527,740494537382.5989,0.00021454743463222847,0.06335145417889998,0.0022706689449194517,37599.52719842235,36510.0447280371,37802.23604377473,37464.83293220907,250.53921111824314
2023-12-01 00:00:00,37711.81837585267,16566770727.560837,737659515838.6104,-0.002605848663833066,-0.20977199487893283,-0.00382855159743567,37659.31323391177,36611.36236442591,37810.34641654128,37293.316127426726,212.30594123344557
2023-12-02 00:00:00,38688.25874179069,24470176251.56647,756249390093.0282,0.025892158161305856,0.4770637352309921,0.025201158332898155,37794.93138310027,36719.05582541542,37711.81837585267,37738.93169747125,446.11034842244635
2023-12-03 00:00:00,39481.666416062864,14892418344.328642,771834682369.2777,0.02050771216061853,-0.39140535028327406,0.020608667564455674,38033.76189021593,36870.97619093607,38688.25874179069,37809.85286625321,778.851611955874
2023-12-04 00:00:00,39960.275420410515,14107800648.629307,782845232813.069,0.012122310119943025,-0.05268571413709544,0.014265425868130954,38386.39578084485,37045.27265931749,39481.666416062864,37491.838186008135,1015.4619191758286
2023-12-05 00:00:00,41974.331772543344,40273974905.38232,820527379429.3416,0.050401463226755094,1.8547309327974717,0.048134861191995615,39061.27616956802,37276.13679057223,39960.275420410515,37250.16905148115,1558.8995147325707
2023-12-06 00:00:00,44105.94477259938,37740677039.99004,863171503830.3232,0.05078372686448307,-0.06290161006813655,0.05197160444620352,39961.80598797154,37577.60399135236,41974.331772543344,37802.23604377473,2336.9434375346123
2023-12-07 00:00:00,43788.28880825234,30306637687.601166,857037901744.5414,-0.007202112231918023,-0.19697684131399562,-0.007105890380491031,40815.79775821597,37869.504655557874,44105.94477259938,37810.34641654128,2505.8566952343667
2023-12-08 00:00:00,43270.11955970747,27712048105.023373,848245522795.3333,-0.011833512170660976,-0.08561126474413472,-0.010259031638286786,41609.84078448095,38130.62405322879,43788.28880825234,37711.81837585267,2223.0378564974762
2023-12-09 00:00:00,44202.17610943621,24726661392.984177,863242780337.311,0.021540420022242213,-0.1077288369565883,0.01768032620149329,42397.543265573164,38410.86056918633,43270.11955970747,38688.25874179069,1978.746163707988
2023-12-10 00:00:00,43745.49199189547,17074228506.041449,855611272269.695,-0.010331711190192938,-0.3094810401340309,-0.008840511894735004,43006.66120497782,38643.429608278624,44202.17610943621,39481.666416062864,1538.9430139377293
2023-12-11 00:00:00,43757.959937619176,11865167562.179707,856192504674.1926,0.000285010984126588,-0.3050832394575601,0.0006793183111717394,43549.18756457906,38857.219972841915,43745.49199189547,39960.275420410515,756.4955476963255
2023-12-12 00:00:00,41200.96272610168,39734542163.66172,806178244439.1412,-0.058435018798013494,2.3488395301146707,-0.058414737295654495,43438.70627223024,38993.16130290175,43757.959937619176,41974.331772543344,1031.3631268638599
2023-12-13 00:00:00,41450.819387377436,24919333990.627098,812055172695.532,0.006064340363519438,-0.3728546339356973,0.007289862132758618,43059.40264576997,39139.26538307699,41200.96272610168,44105.94477259938,1216.6653716887968
2023-12-14 00:00:00,42931.76182603245,26301358636.124893,840112594142.6609,0.03572769997174019,0.05545993508564928,0.03455112705457597,42937.04164830998,39352.018709001466,41450.819387377436,43788.28880825234,1173.4464485089043
2023-12-15 00:00:00,43009.5954563739,22978695605.48269,841400560142.884,0.0018129614772588454,-0.12633047123575314,0.0015330873613881302,42899.82391926233,39600.83184309879,42931.76182603245,43270.11955970747,1165.2243310213105
2023-12-16 00:00:00,41992.01418722399,17134765249.072596,821883086852.3783,-0.02365940107904707,-0.2543194991022788,-0.02319641109722026,42584.086501803446,39737.11023428416,43009.5954563739,44202.17610943621,1046.952157015133
2023-12-17 00:00:00,42247.06788172229,13524832238.374014,825747211475.3832,0.006073861886241483,-0.21067887176884237,0.004701550238493946,42370.025914635844,39938.62862662619,41992.01418722399,43745.49199189547,914.7511690333728
2023-12-18 00:00:00,41410.819634575855,16536428696.461372,810534011290.7083,-0.019794231625438474,0.22267163133769263,-0.01842355623277625,42034.720157058226,40101.397273601804,42247.06788172229,43757.959937619176,733.4080703112913
2023-12-19 00:00:00,42684.182554683386,26473040426.60815,834757901244.3383,0.030749522258775475,0.6008922429710057,0.029886333720969382,42246.60870399848,40304.791077360496,41410.819634575855,41200.96272610168,663.2868966454184
2023-12-20 00:00:00,42250.206182797505,23402523667.558952,827483345952.5029,-0.010167147311065605,-0.11598655498455746,-0.008714568955851099,42360.806817629906,40465.9981298569,42684.182554683386,41450.819387377436,564.9691562194304
2023-12-21 00:00:00,43634.1241684964,28334648885.87903,854173854159.8182,0.03275529543480338,0.2107518525943033,0.03225503973931021,42461.14429512476,40670.82565311338,42250.206182797505,42931.76182603245,723.4195501854698
2023-12-22 00:00:00,43849.69959939619,21948638202.58336,858312140014.9476,0.004940523844762623,-0.22537814775881082,0.00484478169751501,42581.15917269937,40933.63696107056,43634.1241684964,43009.5954563739,881.8992038410966
2023-12-23 00:00:00,44003.6960216438,20833936534.62855,861822676200.4246,0.003511915102144325,-0.05078682593727413,0.004090046058786712,42868.5422919022,41151.59906405172,43849.69959939619,41992.01418722399,980.2102756286647
2023-12-24 00:00:00,43752.03088478376,9872050975.657969,856850313226.057,-0.005719181787281147,-0.5261552727085728,-0.005769589396614094,43083.53700662527,41366.889555963615,44003.6960216438,42247.06788172229,986.2078606476736
2023-12-25 00:00:00,43034.971063091514,18313974069.822754,845029028630.4425,-0.016389177992229498,0.8551336611794729,-0.013796207357510526,43315.55863927036,41543.42420148429,43752.03088478376,41410.819634575855,666.2297707282831
2023-12-26 00:00:00,43638.236302200916,18744716867.39297,854524607072.9797,0.014018023579590366,0.023519897752830365,0.011236984909177572,43451.852031772876,41737.70364934921,43034.971063091514,42684.182554683386,610.8227424977769
2023-12-27 00:00:00,42516.426940282516,20477744539.87234,832471600531.6842,-0.025707027986871744,0.09245419307954594,-0.025807339377661886,43489.88356855644,41905.189941158365,43638.236302200916,42250.206182797505,525.9228567344279
2023-12-28 00:00:00,43418.46777504291,23244754807.443966,849194163327.4839,0.021216289789059095,0.13512280428071377,0.020087847783779367,43459.0755123488,42110.79989861042,42516.426940282516,43634.1241684964,522.3696038271623
2023-12-29 00:00:00,42600.65063315619,20336573643.81929,836073458797.803,-0.018835697890675074,-0.12511128586709597,-0.015450770973588268,43280.63994574309,42270.7470515898,43418.46777504291,43849.69959939619,577.1555760568605
2023-12-30 00:00:00,42074.70715618848,24832397519.050613,822933961870.5416,-0.012345902448690937,0.22107086247528707,-0.015715720657075716,43005.070107820895,42412.892409578046,42600.65063315619,44003.6960216438,632.2636592514066
2023-12-31 00:00:00,42220.61140121376,14727224645.41767,826609156660.5117,0.0034677423774729377,-0.4069350478897812,0.004465965630603419,42786.29589588232,42563.185510423406,42074.70715618848,43752.03088478376,594.5494061675623
2024-01-01 00:00:00,42208.202176186474,14183728910.169804,827596236151.1959,-0.00029391391113131604,-0.036904151891033465,0.0011941308449472388,42668.1860548959,42680.5169582366,42220.61140121376,43034.971063091514,618.5517286971742
2024-01-02 00:00:00,44168.68118687473,16958999497.58364,863804922701.8125,0.04644782079333254,0.19566579458691935,0.04375163270317417,42743.963895563575,42836.750783930336,42208.202176186474,43638.236302200916,770.9225682353401
2024-01-03 00:00:00,44994.67388689237,39089952715.542786,878395004792.8407,0.01870086852996411,1.3049680920806925,0.01689048268605986,43097.9991736507,43004.5640661464,44168.68118687473,42516.426940282516,1133.024359066224
2024-01-04 00:00:00,42821.558989157995,43146162597.56747,838208392904.1771,-0.0482971585302997,0.10376604728948347,-0.04575004601505117,43012.72648995286,43032.80497336689,44994.67388689237,43418.46777504291,1127.333448633944
2024-01-05 00:00:00,44195.57856209971,26123887042.79777,866352960236.8643,0.03208709830694412,-0.39452582871713815,0.03357705264101862,43240.57333694479,43035.79276635023,42821.558989157995,42600.65063315619,1189.623010277604
2024-01-06 00:00:00,44113.69973389081,29364675804.010384,863690851062.0247,-0.0018526475016918953,0.12405461545226215,-0.0030727766822794544,43531.85799090227,43046.63979720485,44195.57856209971,42074.70715618848,1103.056053704622
2024-01-07 00:00:00,43956.12071720152,11841102132.239353,861211168830.4689,-0.0035721106513364465,-0.5967569262037555,-0.0028710298696653647,43779.78789318623,43069.50650245465,44113.69973389081,42220.61140121376,942.5800171619295
2024-01-08 00:00:00,43883.74387905174,15144653805.362787,856926317087.4954,-0.0016465701924750498,0.2789902186662987,-0.0049753787433950425,44019.150993595555,43058.89209477517,43956.12071720152,42208.202176186474,641.6911064749946
2024-01-09 00:00:00,46936.185561217506,40821502383.50064,919666641903.4098,0.06955745823735127,1.6954397841068887,0.0732155420656877,44414.508761358804,43165.2485470859,43883.74387905174,44168.68118687473,1282.1324616343122
2024-01-10 00:00:00,46105.94607828697,39887918405.77868,902166917320.3264,-0.01768868673504964,-0.022869907357924713,-0.01902833460052944,44573.26193155804,43243.51475177483,46936.185561217506,44994.67388689237,1426.6004191744578
2024-01-11 00:00:00,46632.31314804979,52030057180.57072,915259343942.0361,0.011416468254854983,0.3044064283142178,0.014512199871613118,45117.6553828283,43424.55976583976,46105.94607828697,42821.558989157995,1372.8201898011598
2024-01-12 00:00:00,46314.355541602694,49198128806.306175,909846384596.2129,-0.006818396622051193,-0.054428700019227616,-0.005914126287429711,45420.33780847157,43586.67763764727,46632.31314804979,44195.57856209971,1369.2066250379492
2024-01-13 00:00:00,42893.92960550481,45913301456.05085,838383512176.7352,-0.07385239190093928,-0.06676732286278086,-0.07854388787970257,45246.08493298786,43585.416563629675,46314.355541602694,44113.69973389081,1618.19073814245
2024-01-14 00:00:00,42848.47451640749,19424747840.478386,839198740717.084,-0.0010597091363595545,-0.5769254829328239,0.0009723814083988369,45087.849761445854,43580.045865630804,42893.92960550481,43956.12071720152,1808.337497775002
2024-01-15 00:00:00,41800.93282193406,16968959097.076523,822907066751.3778,-0.024447584337507933,-0.12642577209081463,-0.019413367984543406,44790.305324714755,43573.67648678781,42848.47451640749,43883.74387905174,2173.88784529703
2024-01-16 00:00:00,42587.336038354406,22634527323.56315,835225973285.8562,0.01881305423901214,0.33387835954314427,0.014969985107929906,44169.04110716289,43585.01875867554,41800.93282193406,46936.185561217506,2077.7077623646724
2024-01-17 00:00:00,43148.00164342693,22023116042.275295,845770850849.578,0.013165078101329941,-0.02701232822526667,0.012625179174250656,43746.4776164686,43642.924825637245,42587.336038354406,46105.94607828697,1912.3379525426121
2024-01-18 00:00:00,42713.859186938986,21299064875.187115,836987995502.6503,-0.010061704828781548,-0.032876871996601276,-0.010384438454110079,43186.698479167055,43643.91404671243,43148.00164342693,46632.31314804979,1442.6251532172398
2024-01-19 00:00:00,41261.39479801012,25160430945.289833,808845819110.2808,-0.03400452257362396,0.18129275124191557,-0.0336231541474723,42464.84694436811,43610.95366721952,42713.859186938986,46314.355541602694,678.7331449843489
2024-01-20 00:00:00,41600.94093254464,24407872954.726807,815241536115.3193,0.008229148243696693,-0.029910377616322537,0.007907214025132392,42280.134276802375,43543.18089268779,41261.39479801012,42893.92960550481,717.3402694286575
2024-01-21 00:00:00,41626.10711003664,9533488489.00503,817217622403.9753,0.0006049425067766734,-0.6094092874586688,0.002423927389755276,42105.51036160654,43469.06114304248,41600.94093254464,42848.47451640749,704.5978400795725
2024-01-22 00:00:00,41541.89945706261,8032696833.695371,814709364023.4832,-0.002022952873095507,-0.15742313603677416,-0.003069266143715499,42068.50559519633,43387.00125755644,41626.10711003664,41800.93282193406,729.617822602714
2024-01-23 00:00:00,39504.73005758438,31202848830.101707,775020895102.2928,-0.049038908333593034,2.884479829888851,-0.04871488002198332,41628.13331222918,43245.42456331646,41541.89945706261,42587.336038354406,1164.7831520378256
2024-01-24 00:00:00,39833.45410501688,29683327703.0343,779133357029.7626,0.008321131341824994,-0.04869815366350483,0.005306259422756421,41154.62652102775,43138.70733138064,39504.73005758438,43148.00164342693,1116.6715192222046
2024-01-25 00:00:00,40123.67105847147,22217129215.385582,786928905377.1826,0.0072857591683981315,-0.251528351616908,0.01000540957088325,40784.599645532384,43021.55515658965,39833.45410501688,42713.859186938986,926.9084034448475
2024-01-26 00:00:00,39938.28644155878,13376924612.77818,783180536824.566,-0.004620330394059069,-0.3979004000429306,-0.00476328741644072,40595.58416603934,42935.61713996553,40123.67105847147,41261.39479801012,948.1367334266649
2024-01-27 00:00:00,41862.9356109399,22681602408.52447,820989861818.084,0.048190579538194056,0.6955767536327511,0.04827664020714462,40633.01197723866,42883.766067828765,39938.28644155878,41600.94093254464,998.282789027677
2024-01-28 00:00:00,42119.61049464309,10694258830.371908,826254540126.2368,0.006131315923198599,-0.5285051453704759,0.006412598441220885,40703.51246075387,42867.73139654499,41862.9356109399,41626.10711003664,1093.0352344994915
2024-01-29 00:00:00,42026.57856232145,13669905344.783924,824240091063.3245,-0.0022087557607750608,0.2782471007678551,-0.0024380490092128504,40772.75233293371,42866.127110082765,42119.61049464309,41541.89945706261,1167.790518984851
2024-01-30 00:00:00,43267.60927638767,20680322267.003654,849198976216.4734,0.029529663287386043,0.5128358057647211,0.030281086086155096,41310.306507048466,42901.02703925523,42026.57856232145,39504.73005758438,1340.1546816286145
2024-01-31 00:00:00,42892.03453014447,24526664209.358597,839294111912.5715,-0.008680274979929736,0.1859904257145908,-0.011663773251390452,41747.246567780974,42923.821451053824,43267.60927638767,39833.45410501688,1275.4372863908857
2024-02-01 00:00:00,42583.26354663417,22197944957.07849,835421372330.6442,-0.007198795461504592,-0.0949464318670592,-0.00461428184346746,42098.61692323279,42870.97419637914,42892.03453014447,40123.67105847147,1076.9664724559907
2024-02-02 00:00:00,43069.043420936796,22443682768.722225,844585195327.6586,0.011407765254314972,0.011070295566498967,0.010969102898875205,42545.867920286786,42806.78651418061,42583.26354663417,39938.28644155878,552.8119501846168
2024-02-03 00:00:00,43170.65856159975,18624791426.130833,846561992602.431,0.0023593544827502644,-0.17015439854253522,0.00234055402072908,42732.68548466677,42818.42316659535,43069.043420936796,41862.9356109399,502.20638244282503
2024-02-04 00:00:00,42976.84829990829,7779819312.310763,842668526994.8004,-0.00448939784911806,-0.5822869027464344,-0.004599150022860821,42855.14802827608,42777.798824522295,43170.65856159975,42119.61049464309,426.6228854310659
2024-02-05 00:00:00,42599.35997055978,11250814654.362,835416357159.2295,-0.008783527510306421,0.44615372191983216,-0.00860619520398398,42936.973943738696,42727.320832411264,42976.84829990829,42026.57856232145,265.85532585413364
2024-02-06 00:00:00,42648.45692113544,18682275991.626797,836630860392.2917,0.0011525278926629579,0.6605265099077586,0.0014537699946313154,42848.5236072741,42683.732039209055,42599.35997055978,43267.60927638767,239.17651804370539
2024-02-07 00:00:00,43087.78740814285,17131113853.23615,845393687725.6221,0.010301204749794568,-0.08302854208373012,0.01047394705141702,42876.48830413101,42657.20015684542,42648.45692113544,42892.03453014447,255.96622069005863
2024-02-08 00:00:00,44247.415415479314,21200879624.73537,868672050077.7697,0.026913148181688884,0.23756574186391388,0.027535528937735254,43114.2242853946,42567.574485320816,43087.78740814285,42583.26354663417,546.3429700464934
2024-02-09 00:00:00,45338.271189789484,27709605138.49859,890468166608.419,0.024653547875443715,0.30700261635226656,0.025091306355140564,43438.39968094498,42541.9853223709,44247.415415479314,43069.043420936796,999.9716127961641
2024-02-10 00:00:00,47143.24299107112,41993952311.122856,925541926938.6151,0.03981121807062049,0.5155016501039267,0.03938800020643507,44005.91174229804,42559.01631713829,45338.271189789484,43170.65856159975,1702.9067514849849
2024-02-11 00:00:00,47768.995251247936,16461159742.317774,938210772985.4427,0.013273424153177782,-0.608011181696805,0.01368803041557709,44690.50416391799,42607.50430745979,47143.24299107112,42976.84829990829,2129.96505707685
2024-02-12 00:00:00,48189.88179303987,13196875460.84672,945579645769.01,0.008810872817781146,-0.1983022054685094,0.007854176263739854,45489.150138558005,42784.0360470443,47768.995251247936,42599.35997055978,2259.3663887003277
2024-02-13 00:00:00,50050.13609456397,37684440686.70893,981463410832.9637,0.03860259108983266,1.8555578021868424,0.03794896096221545,46546.53287761922,43024.09143298284,48189.88179303987,42648.45692113544,2433.6209649975476
2024-02-14 00:00:00,49732.14536955351,37331081151.024765,974585308372.1277,-0.006353443763062905,-0.009376801917317379,-0.007008007007615946,47495.72687210647,43288.46518457016,50050.13609456397,43087.78740814285,2137.50197113374
2024-02-15 00:00:00,51790.16929752642,41805076939.80903,1017596576729.7906,0.0413821666586065,0.11984640280533232,0.04413289220366523,48573.26314097033,43595.22629320923,49732.14536955351,44247.415415479314,2128.246759290227
2024-02-16 00:00:00,51958.23029105492,31991869491.056656,1020725811639.5323,0.0032450365736982345,-0.23473721775183987,0.003075123267216595,49518.97158400825,43888.90058146349,51790.16929752642,45338.271189789484,1910.8847897806725
2024-02-17 00:00:00,52166.43430976192,24850432117.896576,1024019280535.48,0.004007142228299676,-0.22322663497850515,0.003226595093796636,50236.57034382123,44203.98641889092,51958.23029105492,47143.24299107112,1810.5809728395213
2024-02-18 00:00:00,51684.51749264525,19851884283.15723,1015778284418.9253,-0.009238063200851854,-0.2011453085010757,-0.008047696242833746,50795.93066402084,44551.42384204543,52166.43430976192,47768.995251247936,1499.2585439061738
2024-02-19 00:00:00,52138.48578873693,17025880430.565874,1023586119011.2284,0.008783448469965371,-0.14235443911936352,0.0076865539577561925,51360.01694912042,44902.675337251836,51684.51749264525,48189.88179303987,1022.2742028236352
2024-02-20 00:00:00,51764.313185487765,22555121071.55909,1016146442771.5667,-0.00717651457630164,0.3247550494403093,-0.007268246512416976,51604.899390680956,45240.61553976687,52138.48578873693,50050.13609456397,846.3808241434945
2024-02-21 00:00:00,52286.79372554667,34499627551.319275,1026424315285.75,0.010093450640148438,0.5295696015935656,0.010114558376202343,51969.849155822834,45598.77868204968,51764.313185487765,49732.14536955351,232.24159102111426
2024-02-22 00:00:00,51842.75676625642,30624246621.0974,1018869881156.3213,-0.008492334825902725,-0.11233109471854796,-0.0073599524260350435,51977.36165135569,46010.04623900541,52286.79372554667,51790.16929752642,226.2334710295528
2024-02-23 00:00:00,51319.500125702674,23733644208.80861,1007314397269.4122,-0.010093148458770296,-0.22500479758877645,-0.011341471664462865,51886.11448487681,46392.91443969494,51842.75676625642,51958.23029105492,336.9527565151727
2024-02-24 00:00:00,50841.081094770896,22637679779.740997,999139504635.63,-0.009322363424427937,-0.046177671638848006,-0.008115532405714054,51696.778311306654,46750.16144090492,51319.500125702674,52166.43430976192,490.5441258773005
2024-02-25 00:00:00,51553.096712831146,15528276123.53668,1012485917140.1924,0.014004730086935258,-0.31405178116207355,0.013357906921546148,51678.003914190354,47137.32178328066,50841.081094770896,51684.51749264525,493.59699566093605
2024-02-26 00:00:00,51751.884054934555,15455098216.48263,1016549456019.3263,0.0038559728663969395,-0.004712558333705319,0.004013427555231042,51622.77509507573,47466.95339808048,51553.096712831146,52138.48578873693,453.48486302152196
2024-02-27 00:00:00,54478.191083122954,35407941475.56789,1071049856128.8474,0.05268034348845019,1.2910201526772473,0.05361313194041495,52010.471937595044,47878.906084363145,51751.884054934555,51764.313185487765,1177.2210687179129
2024-02-28 00:00:00,57003.52673730811,51983799587.1939,1118963733317.3013,0.046354983599436794,0.4681395591173707,0.04473543123532231,52684.29093927525,48378.13769019603,54478.191083122954,52286.79372554667,2235.736822655413
2024-02-29 00:00:00,62558.58202419311,87218855804.01622,1225273849241.6978,0.09745108074601427,0.6778084037070349,0.09500765106052844,54215.12311898049,49021.170115122884,57003.52673730811,51842.75676625642,4289.141898823244
2024-03-01 00:00:00,61298.216861101624,67692687247.36391,1206725326872.1362,-0.020146958615591126,-0.22387554132248977,-0.015138266748319862,55640.65408118034,49634.70952615479,62558.58202419311,51319.500125702674,4794.806985002804
2024-03-02 00:00:00,62426.64052919186,36699193361.155365,1227712629022.1812,0.018408751932330825,-0.45785586518306665,0.017391946354887944,57295.73400038334,50296.15542557337,61298.216861101624,50841.081094770896,4861.065188287305
2024-03-03 00:00:00,62067.86680212177,25198213831.25236,1219383305483.4985,-0.005747125330287872,-0.3133850767978005,-0.0067844244180468305,58797.84401313914,50929.44953827954,62426.64052919186,51553.096712831146,4392.811469070176
2024-03-04 00:00:00,63053.10543906421,27108369390.44353,1236312176673.4497,0.01587357013708046,0.0758051968279625,0.013883141678111333,60412.304210871946,51592.197767528356,62067.86680212177,51751.884054934555,3316.5514613994897
2024-03-05 00:00:00,68186.64593432152,74551714626.1156,1333913436699.1726,0.08141614056136337,1.7501364450344696,0.07894548146273128,62370.65490390032,52432.52435534213,63053.10543906421,54478.191083122954,3275.6121600529405
2024-03-06 00:00:00,64291.536557569496,96403762012.66058,1264870242318.5977,-0.05712422606185763,0.2931126064120082,-0.05175987622662037,63411.79916393766,53155.596908242456,68186.64593432152,57003.52673730811,2297.5951963533116
2024-03-07 00:00:00,66145.91927850846,73151905042.04068,1297845751759.601,0.02884334113368814,-0.24119242325383805,0.02607027056036748,63924.275914554135,53938.84565348822,64291.536557569496,62558.58202419311,2469.2329609187273
2024-03-08 00:00:00,66944.87639053575,48853892626.0196,1317508010581.0813,0.012078705999432282,-0.3321582999384215,0.015149919622437835,64730.94156161615,54734.081952901324,66145.91927850846,61298.216861101624,2389.405201856574
2024-03-09 00:00:00,68315.25192078314,63346588227.32869,1340971395884.519,0.020470207790855177,0.29665385545122924,0.017808912822540934,65572.17176041492,55536.34316974479,66944.87639053575,62426.64052919186,2477.8802460691722
2024-03-10 00:00:00,68508.0039626159,21359706190.81524,1346027264110.4956,0.002821508175894216,-0.6628120505217623,0.0037703028129407734,66492.19135477122,56308.66759550566,68315.25192078314,62067.86680212177,2131.2456523484443
2024-03-11 00:00:00,69075.66688195744,36660543917.16198,1357390358031.5388,0.008286081720485061,0.7163412075830033,0.008441949300746376,67352.55727518453,57039.74839186854,68508.0039626159,63053.10543906421,1679.2198301999447
2024-03-12 00:00:00,72130.55300765681,66653067165.93465,1417772589113.9521,0.0442252136475183,0.8181145188828527,0.044484057754748285,67915.97257137529,57851.80031708217,69075.66688195744,68186.64593432152,2477.571296827158
2024-03-13 00:00:00,71467.17350326062,64599341551.27301,1403692914139.1924,-0.009196928024741036,-0.030812169671784684,-0.009930841577039495,68941.06356361687,58627.71004075619,72130.55300765681,64291.536557569496,2196.5491127750843
2024-03-14 00:00:00,73097.76702694128,51906601043.53671,1436631290571.5388,0.022815978913819146,-0.19648405390729828,0.023465514501471718,69934.18467053585,59395.96440516877,71467.17350326062,66145.91927850846,2291.662184433725
2024-03-15 00:00:00,71420.03180142345,63073551321.74747,1403843488135.24,-0.022951935384010747,0.21513545587091065,-0.022822698246572903,70573.49258637695,60118.893952897764,73097.76702694128,66944.87639053575,1911.4160906716781
2024-03-16 00:00:00,69497.7631929463,81204427005.22603,1367669237527.8738,-0.026914978332995387,0.28745607792068495,-0.02576800826666037,70742.42276811454,60709.1470827451,71420.03180142345,68315.25192078314,1721.3778304073492
2024-03-17 00:00:00,65292.31329331289,49265436012.59228,1282404282863.459,-0.06051201803370043,-0.39331588400443085,-0.06234325692558185,70283.03838678553,61153.6165161537,69497.7631929463,68508.0039626159,2614.468640418832
2024-03-18 00:00:00,68425.41565643054,47190980586.56393,1344508983079.8567,0.04798577665708992,-0.042107724886431885,0.04842833188121087,70190.14535456742,61695.58256104265,65292.31329331289,69075.66688195744,2675.3594798960785
2024-03-19 00:00:00,67708.94360930806,51101822566.75771,1331771923948.0378,-0.010470846837379089,0.0828726576897465,-0.009473390875115006,69558.48686908903,62229.73009826475,68425.41565643054,72130.55300765681,2662.815653419984
2024-03-20 00:00:00,62132.51737873437,80179417876.47993,1223867418062.399,-0.08235878354195869,0.5690128815217153,-0.08102326227583778,68224.96456558527,62562.864484597994,67708.94360930806,71467.17350326062,3687.7610481883185
2024-03-21 00:00:00,67819.05570684028,70836803714.91411,1332594162507.5205,0.09152274152104778,-0.1165213518506526,0.08883866245680072,67470.86294842798,63098.02256864308,62132.51737873437,73097.76702694128,3001.037673939518
2024-03-22 00:00:00,65535.97844847657,48393664548.05336,1287348061971.4202,-0.03366424428309234,-0.3168287950594746,-0.03395339842323897,66630.283898007,63539.662059407405,67819.05570684028,71420.03180142345,2491.2913030883565
2024-03-23 00:00:00,63509.04496523133,42436600223.53738,1247366367469.2778,-0.030928560635419267,-0.123095954401238,-0.031057408391103714,65774.75272261915,63928.538332706565,65535.97844847657,69497.7631929463,2367.6765673407763
2024-03-24 00:00:00,64285.80279102199,25489933245.687557,1264722355270.5166,0.012230664564644389,-0.3993408258103198,0.013914105954653477,65630.96550800616,64360.74842155054,63509.04496523133,65292.31329331289,2431.558304169652
2024-03-25 00:00:00,67310.98326810106,28098318940.431744,1323456466317.511,0.04705829818930973,0.10233003239368932,0.04644032012419941,65471.76088110195,64909.74516066155,64285.80279102199,68425.41565643054,2247.6261540074397
2024-03-26 00:00:00,69938.94530200244,44820310272.647514,1371797489739.3416,0.039042098425960514,0.5951242623327853,0.03652634193275617,65790.33255148686,65522.6067803006,67310.98326810106,67708.94360930806,2724.9243015730135
2024-03-27 00:00:00,70082.05122475982,36257324508.56845,1375728580463.2524,0.0020461550019010843,-0.19105146108961224,0.0028656494514054387,66925.98024377621,66133.6123526281,69938.94530200244,62132.51737873437,2600.0846864831597
2024-03-28 00:00:00,69435.75040305211,41441040887.822266,1360261687784.1018,-0.0092220591494242,0.14297018463203992,-0.011242691980668518,67156.93662894933,66632.19766329242,70082.05122475982,67819.05570684028,2759.547631044031
2024-03-29 00:00:00,70710.19534863312,30455289338.47621,1390869723348.0437,0.01835430506883373,-0.26509352356963345,0.022501578805621758,67896.11047182884,67089.08661700324,69435.75040305211,65535.97844847657,2940.071288370137
2024-03-30 00:00:00,69919.05546148612,25785951735.485695,1374646886107.8396,-0.011188483969621688,-0.15331778828616904,-0.011663807880692878,68811.8262570081,67334.43573157968,70710.19534863312,63509.04496523133,2267.1689380372986
2024-03-31 00:00:00,69702.3087473573,16408802301.837431,1370247487960.0945,-0.003099966278123034,-0.36365341600883283,-0.003200384180261362,69585.61282219886,67614.5721277882,69919.05546148612,64285.80279102199,1076.8148303585356
2024-04-01 00:00:00,71246.95144060145,19723005998.21497,1401370211582.3662,0.022160567146245702,0.20197718489218563,0.022713213412713262,70147.89398969892,67908.58249150186,69702.3087473573,67310.98326810106,623.186260362079
2024-04-02 00:00:00,69785.92503802372,36040088988.53872,1373784286061.3486,-0.020506511128350335,0.8273121750204064,-0.019684966394332593,70126.03395198766,68165.85109936525,71246.95144060145,69938.94530200244,634.3216363131617
2024-04-03 00:00:00,65440.41922587159,45161133992.09071,1288360536576.547,-0.062269086635799775,0.2530805350245562,-0.0621813412422354,69462.9436664322,68245.42822559217,69785.92503802372,70082.05122475982,1883.6760789957802
2024-04-04 00:00:00,66123.938539074,35559952961.797325,1301670235623.7266,0.010444910367141791,-0.21259831588761458,0.010330725499048787,68989.8276858639,68176.67131241724,65440.41922587159,69435.75040305211,2268.2870950327624
2024-04-05 00:00:00,68542.17715279506,37516850709.63811,1348455954443.3696,0.036571303330518834,0.05503094309329115,0.035942835242925186,68680.11080074418,68318.3593322581,66123.938539074,70710.19534863312,2138.5358049808324
2024-04-06 00:00:00,67978.61023408506,35132808695.80448,1337452583876.3916,-0.008222191679929991,-0.06354589920899634,-0.008159977736551416,68402.90433968688,68379.44903077732,68542.17715279506,69919.05546148612,2076.0229427677714
2024-04-07 00:00:00,69000.6499164776,19119438138.850826,1358548956714.7139,0.015034724582823067,-0.45579534205774885,0.01577354823090471,68302.66736384692,68447.97481497537,67978.61023408506,69702.3087473573,2018.9825553980475
2024-04-08 00:00:00,69401.97360911008,17935478429.01022,1367272232852.0764,0.005816230616932705,-0.06192439867962396,0.006421024501360284,68039.09910220529,68484.19887125294,69000.6499164776,71246.95144060145,1658.8716672505989
2024-04-09 00:00:00,71624.18486236996,33111949671.02105,1410324678268.6392,0.03201942448749295,0.8461704159206169,0.031487837156435994,68301.70764854048,68588.07156791141,69401.97360911008,69785.92503802372,2074.842466625287
2024-04-10 00:00:00,69158.64381207665,36488482038.859055,1361830648708.6648,-0.034423303455822785,0.10197322723020097,-0.03438501098875135,68832.88258942692,68590.83746558205,71624.18486236996,65440.41922587159,1653.3888428400217
2024-04-11 00:00:00,70527.88997578963,38378062633.13138,1387722485989.3584,0.019798626581423395,0.051785672866851096,0.019012523550740346,69462.01850895771,68537.41536451982,69158.64381207665,66123.938539074,1235.998660256934
2024-04-12 00:00:00,70106.66413070948,30118549149.510498,1379324055321.196,-0.005972471957189418,-0.21521444588217775,-0.006051952571896835,69685.51664865979,68492.06505210145,70527.88997578963,68542.17715279506,1182.2264346651284
2024-04-13 00:00:00,67252.10504226631,43471949726.09197,1321648247460.1611,-0.04071737150581045,0.44336134885828327,-0.04181454505816207,69581.73019268567,68297.20965261228,70106.66413070948,67978.61023408506,1373.4698877802537
2024-04-14 00:00:00,64404.82548907413,49214481480.20075,1270009515097.3306,-0.04233740418092091,0.13209740511505275,-0.0390714643340736,68925.18384591375,68063.36944220064,67252.10504226631,69000.6499164776,2407.0671462901037
2024-04-15 00:00:00,65752.66004728881,40292911692.95434,1293286386553.3967,0.02092753994719443,-0.1812793616617826,0.018328107923098802,68403.85333708212,67938.53267067872,64404.82548907413,69401.97360911008,2667.674197966512
2024-04-16 00:00:00,63430.5714573684,42796604938.03423,1247928896840.997,-0.03531550796956928,0.06213731249205545,-0.03507149706669166,67233.33713636764,67876.47460948056,65752.66004728881,71624.18486236996,2812.8026962550584
2024-04-17 00:00:00,63720.501587480736,42157169474.39519,1253670904297.4917,0.004570826392557237,-0.014941266125312769,0.004601229662226647,66456.45967571107,67719.64414051558,63430.5714573684,69158.64381207665,2940.5099252856035
2024-04-18 00:00:00,61328.89798860725,41123362075.93534,1207185042484.4346,-0.037532717717077224,-0.024522694747989293,-0.037079796343447824,65142.31796325645,67506.97595315888,63720.501587480736,70527.88997578963,2872.4599448319527
2024-04-19 00:00:00,63461.592695107174,35901618166.42319,1249565911947.3347,0.03477471104887786,-0.12697755353441365,0.03510718570176996,64193.02204388469,67551.27846370464,61328.89798860725,70106.66413070948,1887.5964508214606
2024-04-20 00:00:00,63988.818471785664,52227787323.81757,1263308149913.607,0.008307793017604759,0.4547474456921097,0.010997609517737317,63726.83824810174,67423.60388920282,63461.592695107174,67252.10504226631,1325.4270478251542
2024-04-21 00:00:00,64894.41869109179,16601830590.687477,1277940837359.7852,0.014152476025251604,-0.6821264801483079,0.0115828330935559,63796.78013410426,67402.21856395666,63988.818471785664,64404.82548907413,1379.0017811595565
2024-04-22 00:00:00,64936.4207567739,19592118541.18973,1279763566407.3762,0.0006472369508701004,0.18011796555613624,0.001426301589482648,63680.17452117357,67449.79775700808,64894.41869109179,65752.66004728881,1210.2349569345909
2024-04-23 00:00:00,66841.66685207361,27748586313.20611,1317058642854.2856,0.029340177254856936,0.4163137209928842,0.02914216143190118,64167.47386327431,67534.99322570981,64936.4207567739,63430.5714573684,1686.1454777645465
2024-04-24 00:00:00,66406.95244392671,23232230785.201836,1306843409278.049,-0.006503644038515111,-0.1627598421421148,-0.007756096231294918,64551.2525570523,67504.85886490399,66841.66685207361,63720.501587480736,1863.8221003447989
2024-04-25 00:00:00,64279.51812857524,30939903322.025898,1265541377860.928,-0.032036319045778416,0.33176635546051814,-0.03160442262928653,64972.76971990487,67316.21129245641,66406.95244392671,61328.89798860725,1244.28898942249
2024-04-26 00:00:00,64486.183359158975,24705345525.57077,1269387456067.624,0.003215102362316369,-0.20150540651550097,0.0030390774051156644,65119.13981476942,67129.68236360306,64279.51812857524,63461.592695107174,1087.2496944646743
2024-04-27 00:00:00,63802.330049258766,23302057197.884678,1255539337969.4697,-0.010604648535197936,-0.056800999857850476,-0.010909291746945216,65092.49861155129,66941.90168514328,64486.183359158975,63988.818471785664,1121.31356994512
2024-04-28 00:00:00,63517.248743409626,19190483386.063873,1249495302303.4912,-0.004468195842205813,-0.1764468165580697,-0.004813895895729781,64895.76004759669,66702.1367983025,63802.330049258766,64894.41869109179,1272.4843671090227
2024-04-29 00:00:00,63030.433616681854,16180294651.046635,1240724751365.882,-0.007664298066409558,-0.156858411247902,-0.00701927483956144,64623.47617044068,66472.51607014236,63517.248743409626,64936.4207567739,1453.3936504784285
2024-04-30 00:00:00,63797.67963589958,27242983698.21234,1257159131219.0603,0.012172627970223227,0.6837136953158087,0.013245790281112724,64188.6208538444,66275.69509976041,63030.433616681854,66841.66685207361,1088.7297346968658
2024-05-01 00:00:00,60749.47209216387,39533113322.04938,1197773959985.8767,-0.047779285408688255,0.4511300876578912,-0.04723759288579332,63380.40937502113,65925.77912147918,63797.67963589958,66406.95244392671,1254.744543136073
2024-05-02 00:00:00,58297.574075325494,51109380171.692604,1151677489315.1536,-0.040360811911559824,0.2928245684912103,-0.03848511673376731,62525.84593884259,65542.83408938923,60749.47209216387,64279.51812857524,2212.1321042198283
2024-05-03 00:00:00,59135.1733607733,28255509745.49032,1164721402399.166,0.014367652492118355,-0.4471560866014984,0.011326012017278453,61761.41593907322,65332.65922721929,58297.574075325494,64486.183359158975,2342.521285476645
2024-05-04 00:00:00,62839.34073569376,33591665812.212433,1239817041554.716,0.06263898733029816,0.18885364712182495,0.06447519466961227,61623.84603713536,65223.17263377328,59135.1733607733,63802.330049258766,2228.1737272950522
2024-05-05 00:00:00,63820.451902924986,20510614461.479218,1257549583083.3145,0.015613008598512224,-0.3894135951417309,0.01430254701642264,61667.16077420898,65065.781792110945,62839.34073569376,63517.248743409626,2273.59917716411
2024-05-06 00:00:00,64010.00865210892,18115695040.201984,1259667234461.2874,0.0029701567997710843,-0.11676487926654311,0.001683950602393569,61807.100064984275,64933.49507271174,63820.451902924986,63030.433616681854,2398.2237041417834
2024-05-07 00:00:00,63172.48129551341,17917770174.27797,1244417948315.7583,-0.013084318753140978,-0.010925601556262876,-0.012105805190726127,61717.78601635768,64739.222785346275,64010.00865210892,63797.67963589958,2322.171451185529
2024-05-08 00:00:00,62363.057191718624,19925137720.849453,1229336706399.346,-0.012812922449704,0.11203221868830426,-0.012119113145887872,61948.29817343693,64504.59223809989,63172.48129551341,60749.47209216387,2289.8935035004497
2024-05-09 00:00:00,61215.50400879193,20303831135.373127,1203918522476.5405,-0.01840116945195369,0.019005811645026238,-0.020676340168230833,62365.14530678927,64157.63620964729,62363.057191718624,58297.574075325494,1705.6056433302044
2024-05-10 00:00:00,63148.599943097026,25837724247.550426,1240910691253.6274,0.03157853497420282,0.2725541340095272,0.03072647200492562,62938.49196140695,63957.30141401463,61215.50400879193,59135.1733607733,942.9158104811404
2024-05-11 00:00:00,60888.21674957157,23987518755.480534,1199393711200.297,-0.03579466837843248,-0.07160868636661388,-0.03345686385487412,62659.75996338949,63635.9789731407,63148.599943097026,62839.34073569376,1223.689649217103
2024-05-12 00:00:00,60776.972079172134,12120618802.065384,1197102943502.2341,-0.0018270311784129856,-0.4947114403278524,-0.001909938060097427,62224.97713142481,63324.989238089445,60888.21674957157,63820.451902924986,1281.8560636346099
2024-05-13 00:00:00,61507.054004121346,13045696108.912676,1211277523448.5786,0.01201247610687406,0.07632261371751548,0.011840736022981746,61867.412181712294,63133.48753681795,60776.972079172134,64010.00865210892,1024.128657388149
2024-05-14 00:00:00,62878.783300729294,27740460083.601814,1238994152713.125,0.022301983387401858,1.1264070427525779,0.022882146104416634,61825.455325314564,63082.61946387312,61507.054004121346,63172.48129551341,966.1246076718506
2024-05-15 00:00:00,61569.1130057734,21581895152.31416,1212998352772.157,-0.020828492954326983,-0.222006589390641,-0.020981374192963642,61712.03472732239,62943.167895822604,62878.783300729294,62363.057191718624,938.7071374128385
2024-05-16 00:00:00,66220.51831432826,38101793065.15294,1307048849176.4167,0.07554770698286162,0.7654516805057967,0.07753555162652859,62427.03677097043,63036.16612438794,61569.1130057734,61215.50400879193,1905.619434807203
2024-05-17 00:00:00,65260.879803346186,29114585833.349678,1286278919684.0837,-0.01449155843853367,-0.23587360354499332,-0.015890706384402042,62728.791036720315,63087.51206491679,66220.51831432826,63148.599943097026,2185.5943525876046
2024-05-18 00:00:00,67053.12326509564,25397793918.993534,1319238394090.13,0.027462753599861056,-0.12766082044343208,0.02562389377736296,63609.491967509464,63278.31957413307,65260.879803346186,60888.21674957157,2534.5490280251393
2024-05-19 00:00:00,66912.61861403697,13025487675.845129,1319928522881.6436,-0.002095422915695977,-0.4871409809296813,0.0005231266726357653,64486.01290106158,63393.353771430724,67053.12326509564,60776.972079172134,2451.29512534588
2024-05-20 00:00:00,66252.71259591613,9072734600.009218,1304727108597.6987,-0.009862205840833749,-0.3034629623247058,-0.011516846571932082,65163.96412846084,63468.81690890175,66912.61861403697,61507.054004121346,2124.5702853471857
2024-05-21 00:00:00,71430.29700215145,35923476641.4359,1406288649446.611,0.07814901765327065,2.9594982356696953,0.07784121306260672,66385.60894294971,63686.6795192704,66252.71259591613,62878.783300729294,2906.3366770837083
2024-05-22 00:00:00,70189.8358177002,41105056578.01701,1382275470797.567,-0.01736603705307138,0.14423937828457367,-0.017075568844627798,67617.14077322498,63861.79335463461,71430.29700215145,61569.1130057734,2285.3727537771374
2024-05-23 00:00:00,69181.20085677762,31059440495.91766,1362228629448.754,-0.014370100017646936,-0.244388815352507,-0.014502783108236827,68040.0954221463,63939.77782145807,70189.8358177002,66220.51831432826,2257.6192087093314
2024-05-24 00:00:00,67906.46534276106,39235702119.25446,1336347300306.381,-0.01842603912955454,0.26324561849114647,-0.01899925503169464,68418.0362134913,63989.76158475256,69181.20085677762,65260.879803346186,1909.4069672368885
2024-05-25 00:00:00,68539.91646552991,28127411967.182774,1350764328536.3708,0.009328288839236087,-0.28311689487061387,0.01078838429701956,68630.43524212476,64131.774862651044,67906.46534276106,67053.12326509564,1812.5067267362235
2024-05-26 00:00:00,69268.44558973772,15929396750.116022,1363997851294.8164,0.010629267757777283,-0.4336700166833194,0.009797062654730349,68966.98195293915,64291.18360367033,68539.91646552991,66912.61861403697,1651.9887622090876
2024-05-27 00:00:00,68508.83110875699,11243743771.147913,1349351520129.172,-0.010966241186929016,-0.2941513136041376,-0.010737796362172314,69289.28459763071,64448.06697232027,69268.44558973772,66252.71259591613,1189.5301812701175
2024-05-28 00:00:00,69367.23871755725,18983806932.464344,1366931305389.0393,0.012529882569993767,0.6883884335018264,0.013028321380765373,68994.56198554582,64643.0666381252,68508.83110875699,71430.29700215145,742.0697535607216
2024-05-29 00:00:00,68316.63588049631,31278122196.184998,1347542673428.3018,-0.015145519073329172,0.6476211703721058,-0.014184057299952868,68726.96199451669,64819.273380252336,69367.23871755725,70189.8358177002,552.8171938023684
2024-05-30 00:00:00,67577.26558995963,24320692137.62038,1331734029835.3335,-0.010822697590525898,-0.22243758800242863,-0.011731460461099408,68497.82838497126,64945.259578721016,68316.63588049631,69181.20085677762,655.9464536176382
2024-05-31 00:00:00,68372.49288434093,25344376897.716885,1346147846430.124,0.011767674933853112,0.04209110309459585,0.010823344805999113,68564.4037480541,65199.36027179358,67577.26558995963,67906.46534276106,607.8057923547867
2024-06-01 00:00:00,67474.95483698409,19685305476.459476,1331606411822.8157,-0.013127180383419867,-0.22328706064054782,-0.01080225671041335,68412.26637254756,65505.272963848874,68372.49288434093,68539.91646552991,734.9428688640038
2024-06-02 00:00:00,67704.32641811523,10724053324.55672,1333649555935.3525,0.003399358794463625,-0.45522545548602233,0.0015343453549010455,68188.82077660148,65790.9113990936,67474.95483698409,69268.44558973772,665.7685671041927
2024-06-03 00:00:00,67740.01690222476,16137350587.750422,1335930570689.7126,0.0005271521924479217,0.5047808976106019,0.0017103554259876308,68078.99017566831,65954.2672713113,67704.32641811523,68508.83110875699,667.5909037132133
2024-06-04 00:00:00,68808.29368590549,29862293749.910686,1355484820107.0864,0.01577024678370953,0.8505078381688396,0.014637174899948757,67999.14088543235,66120.52866407731,67740.01690222476,69367.23871755725,500.2888546681059
2024-06-05 00:00:00,70600.01116676089,31561053725.144592,1390853496950.4385,0.026039266269763717,0.056886453179403995,0.02609300843410245,68325.33735489871,66340.19541456571,68808.29368590549,68316.63588049631,1112.1022000541498
2024-06-06 00:00:00,71184.59943059199,32560403314.989147,1400297735227.1965,0.008280285713415436,0.031664012188806545,0.006790246634505559,68840.67076070335,66607.26601906834,70600.01116676089,67577.26558995963,1481.9703347358702
2024-06-07 00:00:00,70759.58819301432,23612879689.560955,1394881646977.521,-0.005970550385579809,-0.27479769027643486,-0.0038678119041567482,69181.6843762281,66887.1503857782,71184.59943059199,68372.49288434093,1624.1119637369852
2024-06-08 00:00:00,69325.36238847222,18597495569.911568,1366366925856.506,-0.02026899592221898,-0.21240035885443675,-0.020442394652479323,69446.02831215499,67157.4789984342,70759.58819301432,67474.95483698409,1440.1974205160639
2024-06-09 00:00:00,69315.1041233966,10688301508.476225,1366065699664.3162,-0.0001479727580526724,-0.42528275012638983,-0.0002204577602763491,69676.13941290947,67363.02913777753,69325.36238847222,67704.32641811523,1228.6828642245357
2024-06-10 00:00:00,69654.16073760358,10461044041.080194,1372556186704.501,0.004891525714271205,-0.021262262036283897,0.004751226124614538,69949.5885322493,67655.22727071193,69315.1041233966,67740.01690222476,893.1648993651804
2024-06-11 00:00:00,69493.17760915738,19335866773.67523,1369378888543.5317,-0.002311177490927574,0.8483687381244052,-0.002314876572446889,70047.42909271385,67945.76745504476,69654.16073760358,68808.29368590549,777.3039733882136
2024-06-11 13:35:59,67064.71497886837,34699759157.25138,1323720545224.5881,-0.03494533872011352,0.7945799670327316,-0.033342374196746793,69542.38678015779,68131.02282086966,69493.17760915738,70600.01116676089,1318.520077987798
